{"Template":{"Id":4940249829542932390,"DirectoryId":5700687674151655551,"DirectoryPath":".0.90.100.5700687674151655551.4940249829542932390.","Name":"","TemplateHtml":"<script>\r\n// lấy danh sách giá trị của input text khi người dùng nhập\r\nvar textFields = {ten_truong_1};\r\nconsole.log(textFields);\r\n</script>","LayoutId":0,"PageCode":"lgn","Description":"AWING_Hướng Dẫn Tạo Template Advanced v1.0","TemplateTypeId":1},"TemplateParameters":[{"Id":21941,"TemplateId":4940249829542932390,"FieldName":"ten_truong_1","FieldType":"list","DefaultValue":"","LabelName":"Nhãn 1","IsRequired":true,"Childrens":[{"Id":21942,"TemplateId":4940249829542932390,"FieldName":"ten_truong_1.ten_truong_2","FieldType":"textfield","DefaultValue":"","LabelName":"Nhãn 2","IsRequired":false,"Childrens":[]}]}]}