{"Template":{"Id":4940249829542932390,"DirectoryId":5700687674151655551,"DirectoryPath":".0.90.100.5700687674151655551.4940249829542932390.","Name":"","TemplateHtml":"<script>\r\n// lấy danh sách giá trị của input text khi người dùng nhập. Chỉ cần lấy tên trường \r\nvar textFields = {ten_truong_1};\r\nvar textFields2 = {ten_truong_2};\r\nvar textFields3 = {ten_truong_3};\r\nconsole.log(textFields);\r\nconsole.log(textFields2);\r\nconsole.log(textFields3);\r\n</script>","LayoutId":0,"PageCode":"lgn","Description":"AWING_Hướng Dẫn Tạo Template Advanced v1.0","TemplateTypeId":1},"TemplateParameters":[{"Id":21945,"TemplateId":4940249829542932390,"FieldName":"ten_truong_1","FieldType":"list","DefaultValue":"","LabelName":"Nhãn 1","IsRequired":true,"Childrens":[{"Id":21949,"TemplateId":4940249829542932390,"FieldName":"ten_truong_1.ten_truong_2","FieldType":"textfield","DefaultValue":"","LabelName":"Nhãn 1.1","IsRequired":false,"Childrens":[]}]},{"Id":21948,"TemplateId":4940249829542932390,"FieldName":"ten_truong_2","FieldType":"object","DefaultValue":"","LabelName":"Nhãn 2","IsRequired":false,"Childrens":[{"Id":21946,"TemplateId":4940249829542932390,"FieldName":"ten_truong_2.ten_truong_2","FieldType":"textfield","DefaultValue":"000000","LabelName":"Nhãn 2.2","IsRequired":false,"Childrens":[]},{"Id":21947,"TemplateId":4940249829542932390,"FieldName":"ten_truong_2.ten_truong_1","FieldType":"img","DefaultValue":"","LabelName":"Nhãn 2.1","IsRequired":true,"Childrens":[]}]},{"Id":21950,"TemplateId":4940249829542932390,"FieldName":"ten_truong_3","FieldType":"list","DefaultValue":"","LabelName":"Nhãn 3","IsRequired":false,"Childrens":[{"Id":21944,"TemplateId":4940249829542932390,"FieldName":"ten_truong_3.ten_truong_3","FieldType":"object","DefaultValue":"","LabelName":"Nhãn 3.1","IsRequired":false,"Childrens":[{"Id":21943,"TemplateId":4940249829542932390,"FieldName":"ten_truong_3.ten_truong_3.ten_truong_1","FieldType":"textfield","DefaultValue":"","LabelName":"Nhãn 3.1.1","IsRequired":false,"Childrens":[]}]}]}]}