{"Template":{"Id":5314118549585909001,"DirectoryId":5700687674151655551,"DirectoryPath":".0.90.100.5700687674151655551.5314118549585909001.","Name":"","TemplateHtml":"<img src=\"{ten_truong_1}\" />\r\n<button onclick=\"nextView();\">{ten_truong_2}</button>","LayoutId":0,"PageCode":"lgn","Description":"AWING_Hướng Dẫn Tạo Template v1.0","TemplateTypeId":1},"TemplateParameters":[{"Id":21931,"TemplateId":5314118549585909001,"FieldName":"ten_truong_1","FieldType":"img","DefaultValue":"","LabelName":"Nhãn 1","IsRequired":true,"Childrens":[]},{"Id":21932,"TemplateId":5314118549585909001,"FieldName":"ten_truong_2","FieldType":"textfield","DefaultValue":"KẾT NỐI INTERNET","LabelName":"Nhãn 2","IsRequired":true,"Childrens":[]}]}